{"cameraMode":{"drawMode":0,"name":"Shaded","section":"Shading Mode"},"sceneLighting":false,"audioPlay":false,"sceneViewState":{"m_AlwaysRefresh":false,"showFog":true,"showSkybox":false,"showFlares":true,"showImageEffects":true,"showParticleSystems":true,"showVisualEffectGraphs":true,"m_FxEnabled":true},"in2DMode":false,"pivot":{"x":1.0822783708572388,"y":0.9963778257369995,"z":0.595252275466919},"rotation":{"x":0.07911062240600586,"y":0.8998576998710632,"z":-0.18364053964614869,"w":0.38768845796585085},"size":0.9032647609710693,"orthographic":false}